{"cameraMode":{"drawMode":0,"name":"Shaded","section":"Shading Mode"},"sceneLighting":true,"audioPlay":false,"sceneViewState":{"m_AlwaysRefresh":false,"showFog":true,"showSkybox":true,"showFlares":true,"showImageEffects":true,"showParticleSystems":true,"showVisualEffectGraphs":true,"m_FxEnabled":true},"in2DMode":false,"pivot":{"x":2.499959945678711,"y":1.0745123624801636,"z":-3.4076271057128908},"rotation":{"x":0.1548004448413849,"y":-0.08435884863138199,"z":0.01326778344810009,"w":0.9842479228973389},"size":3.4782776832580568,"orthographic":false}